CREATE DATABASE  IF NOT EXISTS `reserve` /*!40100 DEFAULT CHARACTER SET utf8 */;
USE `reserve`;
-- MySQL dump 10.15  Distrib 10.0.13-MariaDB, for Linux (x86_64)
--
-- Host: localhost    Database: reserve
-- ------------------------------------------------------
-- Server version	10.0.13-MariaDB

/*!40101 SET @OLD_CHARACTER_SET_CLIENT=@@CHARACTER_SET_CLIENT */;
/*!40101 SET @OLD_CHARACTER_SET_RESULTS=@@CHARACTER_SET_RESULTS */;
/*!40101 SET @OLD_COLLATION_CONNECTION=@@COLLATION_CONNECTION */;
/*!40101 SET NAMES utf8 */;
/*!40103 SET @OLD_TIME_ZONE=@@TIME_ZONE */;
/*!40103 SET TIME_ZONE='+00:00' */;
/*!40014 SET @OLD_UNIQUE_CHECKS=@@UNIQUE_CHECKS, UNIQUE_CHECKS=0 */;
/*!40014 SET @OLD_FOREIGN_KEY_CHECKS=@@FOREIGN_KEY_CHECKS, FOREIGN_KEY_CHECKS=0 */;
/*!40101 SET @OLD_SQL_MODE=@@SQL_MODE, SQL_MODE='NO_AUTO_VALUE_ON_ZERO' */;
/*!40111 SET @OLD_SQL_NOTES=@@SQL_NOTES, SQL_NOTES=0 */;

--
-- Table structure for table `admin`
--

DROP TABLE IF EXISTS `admin`;
/*!40101 SET @saved_cs_client     = @@character_set_client */;
/*!40101 SET character_set_client = utf8 */;
CREATE TABLE `admin` (
  `id` int(11) NOT NULL,
  `username` varchar(20) NOT NULL,
  `password` char(64) NOT NULL,
  `hospital_id` int(11) DEFAULT NULL,
  `auth` int(11) NOT NULL,
  PRIMARY KEY (`id`),
  UNIQUE KEY `uk_username` (`username`),
  KEY `fk_admin_hospital_idx` (`hospital_id`),
  CONSTRAINT `fk_admin_hospital` FOREIGN KEY (`hospital_id`) REFERENCES `hospital` (`h_id`) ON DELETE SET NULL ON UPDATE CASCADE,
  CONSTRAINT `fk_admin_user` FOREIGN KEY (`id`) REFERENCES `user` (`id`) ON DELETE CASCADE ON UPDATE CASCADE
) ENGINE=InnoDB DEFAULT CHARSET=utf8;
/*!40101 SET character_set_client = @saved_cs_client */;

--
-- Dumping data for table `admin`
--

LOCK TABLES `admin` WRITE;
/*!40000 ALTER TABLE `admin` DISABLE KEYS */;
INSERT INTO `admin` VALUES (4342,'admin','6b86b273ff34fce19d6b804eff5a3f5747ada4eaa22f1d49c01e52ddb7875b4b',NULL,2);
/*!40000 ALTER TABLE `admin` ENABLE KEYS */;
UNLOCK TABLES;

--
-- Table structure for table `answer`
--

DROP TABLE IF EXISTS `answer`;
/*!40101 SET @saved_cs_client     = @@character_set_client */;
/*!40101 SET character_set_client = utf8 */;
CREATE TABLE `answer` (
  `a_id` int(11) NOT NULL AUTO_INCREMENT,
  `content` varchar(400) NOT NULL,
  `owner_id` int(11) NOT NULL,
  `answer_time` datetime NOT NULL,
  PRIMARY KEY (`a_id`),
  KEY `owner_id` (`owner_id`),
  CONSTRAINT `fk_answer_user` FOREIGN KEY (`owner_id`) REFERENCES `user` (`id`) ON DELETE CASCADE ON UPDATE CASCADE
) ENGINE=InnoDB DEFAULT CHARSET=utf8;
/*!40101 SET character_set_client = @saved_cs_client */;

--
-- Dumping data for table `answer`
--

LOCK TABLES `answer` WRITE;
/*!40000 ALTER TABLE `answer` DISABLE KEYS */;
/*!40000 ALTER TABLE `answer` ENABLE KEYS */;
UNLOCK TABLES;

--
-- Table structure for table `department`
--

DROP TABLE IF EXISTS `department`;
/*!40101 SET @saved_cs_client     = @@character_set_client */;
/*!40101 SET character_set_client = utf8 */;
CREATE TABLE `department` (
  `d_id` int(11) NOT NULL AUTO_INCREMENT,
  `hospital_id` int(11) NOT NULL,
  `class_id` int(11) NOT NULL,
  `name` varchar(50) NOT NULL,
  `description` longtext,
  `tel` varchar(45) DEFAULT NULL,
  PRIMARY KEY (`d_id`),
  KEY `fk_department_class_idx` (`class_id`),
  KEY `fk_department_hospital_idx` (`hospital_id`),
  CONSTRAINT `fk_department_class` FOREIGN KEY (`class_id`) REFERENCES `depclass` (`c_id`) ON DELETE NO ACTION ON UPDATE NO ACTION,
  CONSTRAINT `fk_department_hospital` FOREIGN KEY (`hospital_id`) REFERENCES `hospital` (`h_id`) ON DELETE CASCADE ON UPDATE CASCADE
) ENGINE=InnoDB AUTO_INCREMENT=80 DEFAULT CHARSET=utf8;
/*!40101 SET character_set_client = @saved_cs_client */;

--
-- Dumping data for table `department`
--

LOCK TABLES `department` WRITE;
/*!40000 ALTER TABLE `department` DISABLE KEYS */;
INSERT INTO `department` VALUES (1,25,1,'呼吸内科',NULL,NULL),(2,25,1,'神经内科',NULL,NULL),(3,25,1,'心血管内科',NULL,NULL),(4,25,1,'消化内科',NULL,NULL),(5,25,1,'内分泌科',NULL,NULL),(6,25,1,'肾脏内科',NULL,NULL),(7,25,2,'胸外科',NULL,NULL),(8,25,2,'烧伤整形科',NULL,NULL),(9,25,2,'肛肠科',NULL,NULL),(10,25,2,'普通外科',NULL,NULL),(11,25,2,'泌尿外科',NULL,NULL),(12,25,2,'移植科',NULL,NULL),(13,23,1,'风湿免疫科',NULL,NULL),(14,23,1,'内科-干二科',NULL,NULL),(15,23,1,'内科-呼吸科',NULL,NULL),(16,23,1,'内科-内分泌科',NULL,NULL),(17,23,1,'内科-神经内科',NULL,NULL),(18,23,1,'内科-肾内科',NULL,NULL),(19,23,1,'内科-消化科',NULL,NULL),(20,23,1,'内科-心内科',NULL,NULL),(21,23,1,'内科-血液科',NULL,NULL),(22,23,1,'心血管科',NULL,NULL),(23,23,2,'烧伤科',NULL,NULL),(24,23,2,'外科-肝胆外科',NULL,NULL),(25,23,2,'外科-普通外科',NULL,NULL),(26,23,2,'外科-神经外科',NULL,NULL),(27,23,2,'外科-胸心外科',NULL,NULL),(28,23,3,'骨科',NULL,NULL),(29,23,2,'外科-眼科',NULL,NULL),(30,23,2,'外科-耳鼻喉科',NULL,NULL),(31,23,2,'皮肤科',NULL,NULL),(32,23,4,'内科-中医科',NULL,NULL),(33,22,1,'呼吸科',NULL,NULL),(34,22,1,'脑病科',NULL,NULL),(35,22,1,'消化科',NULL,NULL),(36,22,1,'心血管内科',NULL,NULL),(37,22,1,'血液肿瘤科',NULL,NULL),(38,22,1,'肾病内分泌科(1)',NULL,NULL),(39,22,3,'骨科',NULL,NULL),(40,22,5,'妇科',NULL,NULL),(41,22,5,'儿科',NULL,NULL),(42,22,2,'耳鼻喉科',NULL,NULL),(43,22,2,'皮科',NULL,NULL),(44,21,1,'内分泌门诊',NULL,NULL),(45,21,1,'心内科',NULL,NULL),(46,21,2,'普外门诊',NULL,NULL),(47,21,2,'足踝中心',NULL,NULL),(48,21,2,'神外门诊',NULL,NULL),(49,21,2,'泌尿门诊',NULL,NULL),(50,21,2,'胸外门诊',NULL,NULL),(51,21,5,'产科门诊',NULL,NULL),(52,21,5,'计划生育门诊',NULL,NULL),(53,21,4,'针灸科',NULL,NULL),(54,21,4,'中医按摩科',NULL,NULL),(55,21,4,'中医科',NULL,NULL),(56,26,1,'癫痫会诊',NULL,NULL),(57,26,1,'呼吸内科',NULL,NULL),(58,26,1,'内分泌会诊',NULL,NULL),(59,26,1,'神经内科',NULL,NULL),(60,26,1,'心内科',NULL,NULL),(61,26,1,'消化内科',NULL,NULL),(62,26,2,'泌尿外科',NULL,NULL),(63,26,2,'普通外科',NULL,NULL),(64,26,2,'神经外科',NULL,NULL),(65,26,2,'神经学科会诊中心',NULL,NULL),(66,26,2,'神经外科疾病会诊',NULL,NULL),(67,26,5,'小儿神经内科',NULL,NULL),(68,24,1,'呼吸内科',NULL,NULL),(69,24,1,'神经内科',NULL,NULL),(70,24,1,'心血管内科',NULL,NULL),(71,24,1,'血液内科',NULL,NULL),(72,24,1,'内分泌科',NULL,NULL),(73,24,1,'肾内科',NULL,NULL),(74,24,2,'神经外科',NULL,NULL),(75,24,2,'烧伤整形科',NULL,NULL),(76,24,2,'乳腺肿瘤外科',NULL,NULL),(77,24,2,'普通外科',NULL,NULL),(78,24,2,'泌尿外科',NULL,NULL),(79,24,2,'移植科',NULL,NULL);
/*!40000 ALTER TABLE `department` ENABLE KEYS */;
UNLOCK TABLES;

--
-- Table structure for table `depclass`
--

DROP TABLE IF EXISTS `depclass`;
/*!40101 SET @saved_cs_client     = @@character_set_client */;
/*!40101 SET character_set_client = utf8 */;
CREATE TABLE `depclass` (
  `c_id` int(11) NOT NULL AUTO_INCREMENT,
  `name` varchar(50) NOT NULL,
  PRIMARY KEY (`c_id`)
) ENGINE=InnoDB AUTO_INCREMENT=6 DEFAULT CHARSET=utf8;
/*!40101 SET character_set_client = @saved_cs_client */;

--
-- Dumping data for table `depclass`
--

LOCK TABLES `depclass` WRITE;
/*!40000 ALTER TABLE `depclass` DISABLE KEYS */;
INSERT INTO `depclass` VALUES (1,'内科'),(2,'外科'),(3,'骨科'),(4,'中医科'),(5,'其他');
/*!40000 ALTER TABLE `depclass` ENABLE KEYS */;
UNLOCK TABLES;

--
-- Table structure for table `doctor`
--

DROP TABLE IF EXISTS `doctor`;
/*!40101 SET @saved_cs_client     = @@character_set_client */;
/*!40101 SET character_set_client = utf8 */;
CREATE TABLE `doctor` (
  `id` int(11) NOT NULL,
  `department_id` int(11) NOT NULL,
  `username` varchar(20) NOT NULL,
  `password` char(64) NOT NULL,
  `name` varchar(32) NOT NULL,
  `description` text,
  `auth` int(11) NOT NULL,
  `tel` varchar(45) DEFAULT NULL,
  `zan` int(11) NOT NULL DEFAULT '0',
  PRIMARY KEY (`id`),
  UNIQUE KEY `uk_usermane` (`username`),
  KEY `fk_doctor_department_idx` (`department_id`),
  CONSTRAINT `fk_doctor_department` FOREIGN KEY (`department_id`) REFERENCES `department` (`d_id`) ON DELETE CASCADE ON UPDATE CASCADE,
  CONSTRAINT `fk_doctor_user` FOREIGN KEY (`id`) REFERENCES `user` (`id`) ON DELETE CASCADE ON UPDATE CASCADE
) ENGINE=InnoDB DEFAULT CHARSET=utf8;
/*!40101 SET character_set_client = @saved_cs_client */;

--
-- Dumping data for table `doctor`
--

LOCK TABLES `doctor` WRITE;
/*!40000 ALTER TABLE `doctor` DISABLE KEYS */;
INSERT INTO `doctor` VALUES (4171,44,'zhaoxin','bcb15f821479b4d5772bd0ca866c00ad5f926e3580720659cc80d39c9d09802a','赵鑫',NULL,1,NULL,0),(4172,44,'qianduoduo','bcb15f821479b4d5772bd0ca866c00ad5f926e3580720659cc80d39c9d09802a','钱多多',NULL,1,NULL,0),(4173,44,'huangmeng','bcb15f821479b4d5772bd0ca866c00ad5f926e3580720659cc80d39c9d09802a','黄猛',NULL,1,NULL,0),(4174,45,'sunyi','bcb15f821479b4d5772bd0ca866c00ad5f926e3580720659cc80d39c9d09802a','孙毅',NULL,1,NULL,0),(4175,45,'litao','bcb15f821479b4d5772bd0ca866c00ad5f926e3580720659cc80d39c9d09802a','李涛',NULL,1,NULL,0),(4176,45,'caoyue','bcb15f821479b4d5772bd0ca866c00ad5f926e3580720659cc80d39c9d09802a','曹越',NULL,1,NULL,0),(4177,46,'zhaohongyu','bcb15f821479b4d5772bd0ca866c00ad5f926e3580720659cc80d39c9d09802a','赵鸿宇',NULL,1,NULL,0),(4178,46,'fanxianlin','bcb15f821479b4d5772bd0ca866c00ad5f926e3580720659cc80d39c9d09802a','范仙林',NULL,1,NULL,0),(4179,47,'liming','bcb15f821479b4d5772bd0ca866c00ad5f926e3580720659cc80d39c9d09802a','李明',NULL,1,NULL,0),(4180,47,'liyi','bcb15f821479b4d5772bd0ca866c00ad5f926e3580720659cc80d39c9d09802a','李逸',NULL,1,NULL,0),(4181,48,'sunxue','bcb15f821479b4d5772bd0ca866c00ad5f926e3580720659cc80d39c9d09802a','孙雪',NULL,1,NULL,0),(4182,48,'sunxuer','bcb15f821479b4d5772bd0ca866c00ad5f926e3580720659cc80d39c9d09802a','孙絮儿',NULL,1,NULL,0),(4183,49,'zhouhaoran','bcb15f821479b4d5772bd0ca866c00ad5f926e3580720659cc80d39c9d09802a','周浩然',NULL,1,NULL,0),(4184,50,'wuzhongcheng','bcb15f821479b4d5772bd0ca866c00ad5f926e3580720659cc80d39c9d09802a','吴忠诚',NULL,1,NULL,0),(4185,50,'wushiqi','bcb15f821479b4d5772bd0ca866c00ad5f926e3580720659cc80d39c9d09802a','吴诗琪',NULL,1,NULL,0),(4186,51,'wangweili','bcb15f821479b4d5772bd0ca866c00ad5f926e3580720659cc80d39c9d09802a','王伟利',NULL,1,NULL,0),(4187,51,'wangwei','bcb15f821479b4d5772bd0ca866c00ad5f926e3580720659cc80d39c9d09802a','王伟',NULL,1,NULL,0),(4188,52,'chensiyu','bcb15f821479b4d5772bd0ca866c00ad5f926e3580720659cc80d39c9d09802a','陈思妤',NULL,1,NULL,0),(4189,53,'weizhongcheng','bcb15f821479b4d5772bd0ca866c00ad5f926e3580720659cc80d39c9d09802a','卫忠诚',NULL,1,NULL,0),(4190,54,'jiangyiwen','bcb15f821479b4d5772bd0ca866c00ad5f926e3580720659cc80d39c9d09802a','蒋益文',NULL,1,NULL,0),(4191,54,'pengshimeng','bcb15f821479b4d5772bd0ca866c00ad5f926e3580720659cc80d39c9d09802a','彭诗梦',NULL,1,NULL,0),(4192,54,'gezhen','bcb15f821479b4d5772bd0ca866c00ad5f926e3580720659cc80d39c9d09802a','葛甄',NULL,1,NULL,0),(4193,55,'suxiangqi','bcb15f821479b4d5772bd0ca866c00ad5f926e3580720659cc80d39c9d09802a','苏香荠',NULL,1,NULL,0),(4194,55,'shenjie','bcb15f821479b4d5772bd0ca866c00ad5f926e3580720659cc80d39c9d09802a','沈洁',NULL,1,NULL,0),(4195,55,'zhangxiaomei','bcb15f821479b4d5772bd0ca866c00ad5f926e3580720659cc80d39c9d09802a','张晓梅',NULL,1,NULL,0),(4196,56,'xietingfeng','bcb15f821479b4d5772bd0ca866c00ad5f926e3580720659cc80d39c9d09802a','谢霆锋',NULL,1,NULL,0),(4197,56,'hanyu','bcb15f821479b4d5772bd0ca866c00ad5f926e3580720659cc80d39c9d09802a','韩宇',NULL,1,NULL,0),(4198,56,'jiangziya','bcb15f821479b4d5772bd0ca866c00ad5f926e3580720659cc80d39c9d09802a','姜子牙',NULL,1,NULL,0),(4199,57,'yangshiyu','bcb15f821479b4d5772bd0ca866c00ad5f926e3580720659cc80d39c9d09802a','杨诗雨',NULL,1,NULL,0),(4200,57,'taoyan','bcb15f821479b4d5772bd0ca866c00ad5f926e3580720659cc80d39c9d09802a','陶烟',NULL,1,NULL,0),(4201,57,'weijiao','bcb15f821479b4d5772bd0ca866c00ad5f926e3580720659cc80d39c9d09802a','魏姣',NULL,1,NULL,0),(4202,58,'zhuziyu','bcb15f821479b4d5772bd0ca866c00ad5f926e3580720659cc80d39c9d09802a','朱紫玉',NULL,1,NULL,0),(4203,58,'jinyiren','bcb15f821479b4d5772bd0ca866c00ad5f926e3580720659cc80d39c9d09802a','金一韧',NULL,1,NULL,0),(4204,58,'huayunwen','bcb15f821479b4d5772bd0ca866c00ad5f926e3580720659cc80d39c9d09802a','华蕴文',NULL,1,NULL,0),(4205,60,'qinyifan','bcb15f821479b4d5772bd0ca866c00ad5f926e3580720659cc80d39c9d09802a','秦伊凡',NULL,1,NULL,0),(4206,60,'caolan','bcb15f821479b4d5772bd0ca866c00ad5f926e3580720659cc80d39c9d09802a','曹兰',NULL,1,NULL,0),(4207,60,'kongwei','bcb15f821479b4d5772bd0ca866c00ad5f926e3580720659cc80d39c9d09802a','孔维',NULL,1,NULL,0),(4208,59,'youjia','bcb15f821479b4d5772bd0ca866c00ad5f926e3580720659cc80d39c9d09802a','尤佳',NULL,1,NULL,0),(4209,59,'lvyao','bcb15f821479b4d5772bd0ca866c00ad5f926e3580720659cc80d39c9d09802a','吕瑶',NULL,1,NULL,0),(4210,59,'lvxinyue','bcb15f821479b4d5772bd0ca866c00ad5f926e3580720659cc80d39c9d09802a','吕新月',NULL,1,NULL,0),(4211,61,'xutianwen','bcb15f821479b4d5772bd0ca866c00ad5f926e3580720659cc80d39c9d09802a','许天文',NULL,1,NULL,0),(4212,61,'heqiaoyu','bcb15f821479b4d5772bd0ca866c00ad5f926e3580720659cc80d39c9d09802a','何乔宇',NULL,1,NULL,0),(4213,63,'hetao','bcb15f821479b4d5772bd0ca866c00ad5f926e3580720659cc80d39c9d09802a','何涛',NULL,1,NULL,0),(4214,63,'chenhong','bcb15f821479b4d5772bd0ca866c00ad5f926e3580720659cc80d39c9d09802a','陈红',NULL,1,NULL,0),(4215,62,'lvzinan','bcb15f821479b4d5772bd0ca866c00ad5f926e3580720659cc80d39c9d09802a','吕子楠',NULL,1,NULL,0),(4216,62,'wangshijie','bcb15f821479b4d5772bd0ca866c00ad5f926e3580720659cc80d39c9d09802a','王世杰',NULL,1,NULL,0),(4217,64,'shiyu','bcb15f821479b4d5772bd0ca866c00ad5f926e3580720659cc80d39c9d09802a','施与',NULL,1,NULL,0),(4218,64,'zhengxin','bcb15f821479b4d5772bd0ca866c00ad5f926e3580720659cc80d39c9d09802a','郑欣',NULL,1,NULL,0),(4219,65,'zhouyanyan','bcb15f821479b4d5772bd0ca866c00ad5f926e3580720659cc80d39c9d09802a','周燕燕',NULL,1,NULL,0),(4220,65,'zhangzixuan','bcb15f821479b4d5772bd0ca866c00ad5f926e3580720659cc80d39c9d09802a','张子轩',NULL,1,NULL,0),(4221,66,'zhoubichang','bcb15f821479b4d5772bd0ca866c00ad5f926e3580720659cc80d39c9d09802a','周笔畅',NULL,1,NULL,0),(4222,66,'caomeiyu','bcb15f821479b4d5772bd0ca866c00ad5f926e3580720659cc80d39c9d09802a','曹美玉',NULL,1,NULL,0),(4223,67,'yanchenguang','bcb15f821479b4d5772bd0ca866c00ad5f926e3580720659cc80d39c9d09802a','严晨光',NULL,1,NULL,0),(4224,67,'jinqiaoyan','bcb15f821479b4d5772bd0ca866c00ad5f926e3580720659cc80d39c9d09802a','金巧燕',NULL,1,NULL,0),(4225,67,'weitingting','bcb15f821479b4d5772bd0ca866c00ad5f926e3580720659cc80d39c9d09802a','魏婷婷',NULL,1,NULL,0),(4226,66,'jiangtaigong','bcb15f821479b4d5772bd0ca866c00ad5f926e3580720659cc80d39c9d09802a','姜太公',NULL,1,NULL,0),(4227,1,'dengxiaoqing','bcb15f821479b4d5772bd0ca866c00ad5f926e3580720659cc80d39c9d09802a','邓小青',NULL,1,NULL,0),(4228,1,'gaohanmei','bcb15f821479b4d5772bd0ca866c00ad5f926e3580720659cc80d39c9d09802a','高寒梅',NULL,1,NULL,0),(4229,1,'liyan','bcb15f821479b4d5772bd0ca866c00ad5f926e3580720659cc80d39c9d09802a','李岩',NULL,1,NULL,0),(4230,5,'sunmei','bcb15f821479b4d5772bd0ca866c00ad5f926e3580720659cc80d39c9d09802a','孙梅',NULL,1,NULL,0),(4231,5,'liguo','bcb15f821479b4d5772bd0ca866c00ad5f926e3580720659cc80d39c9d09802a','李果',NULL,1,NULL,0),(4232,5,'wujing','bcb15f821479b4d5772bd0ca866c00ad5f926e3580720659cc80d39c9d09802a','吴菁',NULL,1,NULL,0),(4233,2,'zhenchao','bcb15f821479b4d5772bd0ca866c00ad5f926e3580720659cc80d39c9d09802a','郑超',NULL,1,NULL,0),(4234,2,'fengyiyi','bcb15f821479b4d5772bd0ca866c00ad5f926e3580720659cc80d39c9d09802a','冯一一',NULL,1,NULL,0),(4235,2,'chenhong2','bcb15f821479b4d5772bd0ca866c00ad5f926e3580720659cc80d39c9d09802a','陈红',NULL,1,NULL,0),(4236,6,'shenyuezhong','bcb15f821479b4d5772bd0ca866c00ad5f926e3580720659cc80d39c9d09802a','沈岳忠',NULL,1,NULL,0),(4237,6,'hanru','bcb15f821479b4d5772bd0ca866c00ad5f926e3580720659cc80d39c9d09802a','韩茹',NULL,1,NULL,0),(4238,6,'yangyan','bcb15f821479b4d5772bd0ca866c00ad5f926e3580720659cc80d39c9d09802a','杨燕',NULL,1,NULL,0),(4239,4,'lvfei','bcb15f821479b4d5772bd0ca866c00ad5f926e3580720659cc80d39c9d09802a','吕菲',NULL,1,NULL,0),(4240,4,'zhanghao','bcb15f821479b4d5772bd0ca866c00ad5f926e3580720659cc80d39c9d09802a','张浩',NULL,1,NULL,0),(4241,4,'shiwen','bcb15f821479b4d5772bd0ca866c00ad5f926e3580720659cc80d39c9d09802a','施文',NULL,1,NULL,0),(4242,3,'yanguang','bcb15f821479b4d5772bd0ca866c00ad5f926e3580720659cc80d39c9d09802a','严光',NULL,1,NULL,0),(4243,3,'caojingwen','bcb15f821479b4d5772bd0ca866c00ad5f926e3580720659cc80d39c9d09802a','曹景文',NULL,1,NULL,0),(4244,3,'huazhengzhong','bcb15f821479b4d5772bd0ca866c00ad5f926e3580720659cc80d39c9d09802a','华正忠',NULL,1,NULL,0),(4245,7,'taoliwen','bcb15f821479b4d5772bd0ca866c00ad5f926e3580720659cc80d39c9d09802a','陶礼文',NULL,1,NULL,0),(4246,7,'doucheng','bcb15f821479b4d5772bd0ca866c00ad5f926e3580720659cc80d39c9d09802a','窦程',NULL,1,NULL,0),(4247,7,'miaolijie','bcb15f821479b4d5772bd0ca866c00ad5f926e3580720659cc80d39c9d09802a','苗立洁',NULL,1,NULL,0),(4248,8,'zhouchengxi','bcb15f821479b4d5772bd0ca866c00ad5f926e3580720659cc80d39c9d09802a','周晨曦',NULL,1,NULL,0),(4249,8,'shiwang','bcb15f821479b4d5772bd0ca866c00ad5f926e3580720659cc80d39c9d09802a','施旺',NULL,1,NULL,0),(4250,8,'zhouzixuan','bcb15f821479b4d5772bd0ca866c00ad5f926e3580720659cc80d39c9d09802a','周子轩',NULL,1,NULL,0),(4251,9,'weifang','bcb15f821479b4d5772bd0ca866c00ad5f926e3580720659cc80d39c9d09802a','韦芳',NULL,1,NULL,0),(4252,9,'luwan','bcb15f821479b4d5772bd0ca866c00ad5f926e3580720659cc80d39c9d09802a','鲁万',NULL,1,NULL,0),(4253,9,'zhaoxia','bcb15f821479b4d5772bd0ca866c00ad5f926e3580720659cc80d39c9d09802a','赵霞',NULL,1,NULL,0),(4254,10,'zhouyi','bcb15f821479b4d5772bd0ca866c00ad5f926e3580720659cc80d39c9d09802a','周怡',NULL,1,NULL,0),(4255,10,'sunli','bcb15f821479b4d5772bd0ca866c00ad5f926e3580720659cc80d39c9d09802a','李立',NULL,1,NULL,0),(4256,10,'sunyang','bcb15f821479b4d5772bd0ca866c00ad5f926e3580720659cc80d39c9d09802a','孙洋',NULL,1,NULL,0),(4257,11,'wangwei2','bcb15f821479b4d5772bd0ca866c00ad5f926e3580720659cc80d39c9d09802a','王伟',NULL,1,NULL,0),(4258,11,'zhengshiying','bcb15f821479b4d5772bd0ca866c00ad5f926e3580720659cc80d39c9d09802a','郑诗莹',NULL,1,NULL,0),(4259,11,'wangyao','bcb15f821479b4d5772bd0ca866c00ad5f926e3580720659cc80d39c9d09802a','王耀',NULL,1,NULL,0),(4260,12,'gaojuan','bcb15f821479b4d5772bd0ca866c00ad5f926e3580720659cc80d39c9d09802a','高娟',NULL,1,NULL,0),(4261,12,'chensiyu2','bcb15f821479b4d5772bd0ca866c00ad5f926e3580720659cc80d39c9d09802a','陈思雨',NULL,1,NULL,0),(4262,12,'weitingting2','bcb15f821479b4d5772bd0ca866c00ad5f926e3580720659cc80d39c9d09802a','魏婷婷',NULL,1,NULL,0),(4263,68,'liming2','bcb15f821479b4d5772bd0ca866c00ad5f926e3580720659cc80d39c9d09802a','李明',NULL,1,NULL,0),(4264,68,'heliantao','bcb15f821479b4d5772bd0ca866c00ad5f926e3580720659cc80d39c9d09802a','何连涛',NULL,1,NULL,0),(4265,68,'jiangheshui','bcb15f821479b4d5772bd0ca866c00ad5f926e3580720659cc80d39c9d09802a','江河水',NULL,1,NULL,0),(4266,69,'jiangtingli','bcb15f821479b4d5772bd0ca866c00ad5f926e3580720659cc80d39c9d09802a','蒋庭礼',NULL,1,NULL,0),(4267,69,'qiantao','bcb15f821479b4d5772bd0ca866c00ad5f926e3580720659cc80d39c9d09802a','钱涛',NULL,1,NULL,0),(4268,69,'shijingwen','bcb15f821479b4d5772bd0ca866c00ad5f926e3580720659cc80d39c9d09802a','史静雯',NULL,1,NULL,0),(4269,70,'tangshuai','bcb15f821479b4d5772bd0ca866c00ad5f926e3580720659cc80d39c9d09802a','唐帅',NULL,1,NULL,0),(4270,70,'feihan','bcb15f821479b4d5772bd0ca866c00ad5f926e3580720659cc80d39c9d09802a','费寒',NULL,1,NULL,0),(4271,70,'tangyifan','bcb15f821479b4d5772bd0ca866c00ad5f926e3580720659cc80d39c9d09802a','汤一凡',NULL,1,NULL,0),(4272,71,'yuyue','bcb15f821479b4d5772bd0ca866c00ad5f926e3580720659cc80d39c9d09802a','于越',NULL,1,NULL,0),(4273,71,'qifang','bcb15f821479b4d5772bd0ca866c00ad5f926e3580720659cc80d39c9d09802a','齐芳',NULL,1,NULL,0),(4274,71,'wuxiaojuan','bcb15f821479b4d5772bd0ca866c00ad5f926e3580720659cc80d39c9d09802a','伍小娟',NULL,1,NULL,0),(4275,72,'yujie','bcb15f821479b4d5772bd0ca866c00ad5f926e3580720659cc80d39c9d09802a','余洁',NULL,1,NULL,0),(4276,72,'yuanfang','bcb15f821479b4d5772bd0ca866c00ad5f926e3580720659cc80d39c9d09802a','元方',NULL,1,NULL,0),(4277,72,'guping','bcb15f821479b4d5772bd0ca866c00ad5f926e3580720659cc80d39c9d09802a','顾萍',NULL,1,NULL,0),(4278,73,'menggang','bcb15f821479b4d5772bd0ca866c00ad5f926e3580720659cc80d39c9d09802a','孟刚',NULL,1,NULL,0),(4279,73,'huangjiawen','bcb15f821479b4d5772bd0ca866c00ad5f926e3580720659cc80d39c9d09802a','黄嘉文',NULL,1,NULL,0),(4280,73,'muzijiang','bcb15f821479b4d5772bd0ca866c00ad5f926e3580720659cc80d39c9d09802a','穆子江',NULL,1,NULL,0),(4281,74,'xiaoyihang','bcb15f821479b4d5772bd0ca866c00ad5f926e3580720659cc80d39c9d09802a','萧逸航',NULL,1,NULL,0),(4282,74,'zhengguoxin','bcb15f821479b4d5772bd0ca866c00ad5f926e3580720659cc80d39c9d09802a','郑国欣',NULL,1,NULL,0),(4283,74,'yaoxia','bcb15f821479b4d5772bd0ca866c00ad5f926e3580720659cc80d39c9d09802a','姚夏',NULL,1,NULL,0),(4284,75,'wangling','bcb15f821479b4d5772bd0ca866c00ad5f926e3580720659cc80d39c9d09802a','王灵',NULL,1,NULL,0),(4285,75,'maoningning','bcb15f821479b4d5772bd0ca866c00ad5f926e3580720659cc80d39c9d09802a','毛宁宁',NULL,1,NULL,0),(4286,75,'mixue','bcb15f821479b4d5772bd0ca866c00ad5f926e3580720659cc80d39c9d09802a','米雪',NULL,1,NULL,0),(4287,76,'songyiming','bcb15f821479b4d5772bd0ca866c00ad5f926e3580720659cc80d39c9d09802a','宋一名',NULL,1,NULL,0),(4288,76,'pangchun','bcb15f821479b4d5772bd0ca866c00ad5f926e3580720659cc80d39c9d09802a','庞春',NULL,1,NULL,0),(4289,76,'xiongyan','bcb15f821479b4d5772bd0ca866c00ad5f926e3580720659cc80d39c9d09802a','熊严',NULL,1,NULL,0),(4290,77,'shuxiaofang','bcb15f821479b4d5772bd0ca866c00ad5f926e3580720659cc80d39c9d09802a','舒小芳',NULL,1,NULL,0),(4291,77,'jiangwu','bcb15f821479b4d5772bd0ca866c00ad5f926e3580720659cc80d39c9d09802a','姜武',NULL,1,NULL,0),(4292,77,'lianjian','bcb15f821479b4d5772bd0ca866c00ad5f926e3580720659cc80d39c9d09802a','梁坚',NULL,1,NULL,0),(4293,78,'ruanyimei','bcb15f821479b4d5772bd0ca866c00ad5f926e3580720659cc80d39c9d09802a','阮一梅',NULL,1,NULL,0),(4294,78,'jijun','bcb15f821479b4d5772bd0ca866c00ad5f926e3580720659cc80d39c9d09802a','季君',NULL,1,NULL,0),(4295,78,'jialu','bcb15f821479b4d5772bd0ca866c00ad5f926e3580720659cc80d39c9d09802a','贾鹿',NULL,1,NULL,0),(4296,79,'tongjie','bcb15f821479b4d5772bd0ca866c00ad5f926e3580720659cc80d39c9d09802a','童洁',NULL,1,NULL,0),(4297,79,'yanyang','bcb15f821479b4d5772bd0ca866c00ad5f926e3580720659cc80d39c9d09802a','颜阳',NULL,1,NULL,0),(4298,79,'linggao','bcb15f821479b4d5772bd0ca866c00ad5f926e3580720659cc80d39c9d09802a','林锆',NULL,1,NULL,0),(4299,33,'suhuiping','bcb15f821479b4d5772bd0ca866c00ad5f926e3580720659cc80d39c9d09802a','苏惠萍',NULL,1,NULL,0),(4300,33,'wangchengxiang','bcb15f821479b4d5772bd0ca866c00ad5f926e3580720659cc80d39c9d09802a','王成祥',NULL,1,NULL,0),(4301,34,'jiangliangduo','bcb15f821479b4d5772bd0ca866c00ad5f926e3580720659cc80d39c9d09802a','姜良铎',NULL,1,NULL,0),(4302,34,'wushengxian','bcb15f821479b4d5772bd0ca866c00ad5f926e3580720659cc80d39c9d09802a','吴圣贤',NULL,1,NULL,0),(4303,38,'liuyuning','bcb15f821479b4d5772bd0ca866c00ad5f926e3580720659cc80d39c9d09802a','刘玉宁',NULL,1,NULL,0),(4304,38,'lixia','bcb15f821479b4d5772bd0ca866c00ad5f926e3580720659cc80d39c9d09802a','李侠',NULL,1,NULL,0),(4305,35,'lixiaolin','bcb15f821479b4d5772bd0ca866c00ad5f926e3580720659cc80d39c9d09802a','李晓林 ',NULL,1,NULL,0),(4306,35,'liumin','bcb15f821479b4d5772bd0ca866c00ad5f926e3580720659cc80d39c9d09802a','刘敏',NULL,1,NULL,0),(4307,36,'wangyahong','bcb15f821479b4d5772bd0ca866c00ad5f926e3580720659cc80d39c9d09802a','王亚红 ',NULL,1,NULL,0),(4308,36,'wangxian','bcb15f821479b4d5772bd0ca866c00ad5f926e3580720659cc80d39c9d09802a','王显',NULL,1,NULL,0),(4309,37,'chuzhenzhen','bcb15f821479b4d5772bd0ca866c00ad5f926e3580720659cc80d39c9d09802a','储真真',NULL,1,NULL,0),(4310,37,'lidongyun','bcb15f821479b4d5772bd0ca866c00ad5f926e3580720659cc80d39c9d09802a','李冬云',NULL,1,NULL,0),(4311,39,'zhangjichang','bcb15f821479b4d5772bd0ca866c00ad5f926e3580720659cc80d39c9d09802a','张继昌',NULL,1,NULL,0),(4312,40,'liuyanfeng','bcb15f821479b4d5772bd0ca866c00ad5f926e3580720659cc80d39c9d09802a','刘雁峰',NULL,1,NULL,0),(4313,40,'chenyan','bcb15f821479b4d5772bd0ca866c00ad5f926e3580720659cc80d39c9d09802a','陈艳',NULL,1,NULL,0),(4314,41,'lisuqin','bcb15f821479b4d5772bd0ca866c00ad5f926e3580720659cc80d39c9d09802a','李素卿 ',NULL,1,NULL,0),(4315,41,'wangjunhong','bcb15f821479b4d5772bd0ca866c00ad5f926e3580720659cc80d39c9d09802a','王俊宏',NULL,1,NULL,0),(4316,42,'liangshuman','bcb15f821479b4d5772bd0ca866c00ad5f926e3580720659cc80d39c9d09802a','梁淑满',NULL,1,NULL,0),(4317,43,'duanxingwu','bcb15f821479b4d5772bd0ca866c00ad5f926e3580720659cc80d39c9d09802a','段行武 ',NULL,1,NULL,0),(4318,13,'zhouhuiqiong','bcb15f821479b4d5772bd0ca866c00ad5f926e3580720659cc80d39c9d09802a','周惠琼',NULL,1,NULL,0),(4319,14,'pengguoqiu','bcb15f821479b4d5772bd0ca866c00ad5f926e3580720659cc80d39c9d09802a','彭国球',NULL,1,NULL,0),(4320,14,'jianghong','bcb15f821479b4d5772bd0ca866c00ad5f926e3580720659cc80d39c9d09802a','蒋虹 ',NULL,1,NULL,0),(4321,15,'wenzhongguang','bcb15f821479b4d5772bd0ca866c00ad5f926e3580720659cc80d39c9d09802a','文仲光',NULL,1,NULL,0),(4322,15,'cuidejian','bcb15f821479b4d5772bd0ca866c00ad5f926e3580720659cc80d39c9d09802a','崔德健',NULL,1,NULL,0),(4323,16,'hujingsheng','bcb15f821479b4d5772bd0ca866c00ad5f926e3580720659cc80d39c9d09802a','胡景胜',NULL,1,NULL,0),(4324,16,'yinshinan','bcb15f821479b4d5772bd0ca866c00ad5f926e3580720659cc80d39c9d09802a','尹士男 ',NULL,1,NULL,0),(4325,17,'mengxiaoluo','bcb15f821479b4d5772bd0ca866c00ad5f926e3580720659cc80d39c9d09802a','孟晓落',NULL,1,NULL,0),(4326,17,'shugangming','bcb15f821479b4d5772bd0ca866c00ad5f926e3580720659cc80d39c9d09802a','舒刚明',NULL,1,NULL,0),(4327,18,'lijijun','bcb15f821479b4d5772bd0ca866c00ad5f926e3580720659cc80d39c9d09802a','李冀军',NULL,1,NULL,0),(4328,19,'houpeng','bcb15f821479b4d5772bd0ca866c00ad5f926e3580720659cc80d39c9d09802a','侯鹏',NULL,1,NULL,0),(4329,20,'luobeijie','bcb15f821479b4d5772bd0ca866c00ad5f926e3580720659cc80d39c9d09802a','罗北捷',NULL,1,NULL,0),(4330,21,'wuxiaoxiong','bcb15f821479b4d5772bd0ca866c00ad5f926e3580720659cc80d39c9d09802a','吴晓雄',NULL,1,NULL,0),(4331,22,'huangdangsheng','bcb15f821479b4d5772bd0ca866c00ad5f926e3580720659cc80d39c9d09802a','黄党生',NULL,1,NULL,0),(4332,23,'chaijiake','bcb15f821479b4d5772bd0ca866c00ad5f926e3580720659cc80d39c9d09802a','柴家科',NULL,1,NULL,0),(4333,24,'jiaohuabo','bcb15f821479b4d5772bd0ca866c00ad5f926e3580720659cc80d39c9d09802a','焦华波',NULL,1,NULL,0),(4334,25,'lijiye','bcb15f821479b4d5772bd0ca866c00ad5f926e3580720659cc80d39c9d09802a','李基业 ',NULL,1,NULL,0),(4335,26,'fuxiangping','bcb15f821479b4d5772bd0ca866c00ad5f926e3580720659cc80d39c9d09802a','傅相平',NULL,1,NULL,0),(4336,27,'zhangyiming','bcb15f821479b4d5772bd0ca866c00ad5f926e3580720659cc80d39c9d09802a','张宜明',NULL,1,NULL,0),(4337,28,'zhangyadong','bcb15f821479b4d5772bd0ca866c00ad5f926e3580720659cc80d39c9d09802a','章亚东',NULL,1,NULL,0),(4338,29,'piyuli','bcb15f821479b4d5772bd0ca866c00ad5f926e3580720659cc80d39c9d09802a','皮裕琍',NULL,1,NULL,0),(4339,30,'liboxin','bcb15f821479b4d5772bd0ca866c00ad5f926e3580720659cc80d39c9d09802a','李伯信',NULL,1,NULL,0),(4340,31,'zouxianbiao','bcb15f821479b4d5772bd0ca866c00ad5f926e3580720659cc80d39c9d09802a','邹先彪',NULL,1,NULL,0),(4341,32,'gaofei','bcb15f821479b4d5772bd0ca866c00ad5f926e3580720659cc80d39c9d09802a','高飞 ',NULL,1,NULL,0);
/*!40000 ALTER TABLE `doctor` ENABLE KEYS */;
UNLOCK TABLES;

--
-- Table structure for table `hospital`
--

DROP TABLE IF EXISTS `hospital`;
/*!40101 SET @saved_cs_client     = @@character_set_client */;
/*!40101 SET character_set_client = utf8 */;
CREATE TABLE `hospital` (
  `h_id` int(11) NOT NULL AUTO_INCREMENT,
  `name` varchar(50) NOT NULL,
  `price` int(11) NOT NULL,
  `lat` double NOT NULL,
  `lng` double NOT NULL,
  `address` varchar(100) NOT NULL,
  `province` varchar(10) NOT NULL,
  `rank` varchar(30) NOT NULL,
  `description` text,
  `tel` varchar(45) DEFAULT NULL,
  `zan` int(11) NOT NULL DEFAULT '0',
  PRIMARY KEY (`h_id`)
) ENGINE=InnoDB AUTO_INCREMENT=27 DEFAULT CHARSET=utf8;
/*!40101 SET character_set_client = @saved_cs_client */;

--
-- Dumping data for table `hospital`
--

LOCK TABLES `hospital` WRITE;
/*!40000 ALTER TABLE `hospital` DISABLE KEYS */;
INSERT INTO `hospital` VALUES (1,'山西省肿瘤医院',12,0,0,'太原市杏花岭区职工新村3号','山西省','三级甲等','山西省肿瘤医院（山西省第三人民医院 山西省肿瘤研究所）是全国首批三级甲等医院，卫生部第三批“全国百姓放心医院”，全国建立最早的六大肿瘤医院之一，华北地区规模最大的肿瘤医院，全国“百万妇女乳腺普查工程”定点普查单位，山西医科大学、山西省职工医学院教学医院。是山西省肿瘤防办、山西省抗癌协会、山西省医学生物工程学会三个省级抗癌防治学术机构所在地，两个国家科技核心期刊《血液病·淋巴瘤》和《肿瘤研究与临床》的主办单位。 医院目前开放床位1530余张，年门诊25万人次，年住院病人3.5万余人次，年手术1万余人次。拥有用于肿瘤诊断和治疗的大型现代化医疗设备如：PET/CT、核磁、多排螺旋CT、ECT、胸腹腔镜、大型生化仪、直线加速器5台和体部立体定向放疗系统等4200多台件。现有职工1900多人，拥有主任医师（教授）、副主任医师（副教授）367人、硕士生导师38人、中央组织部联系专家2人、国家级突出贡献中青年专家3人、享受国务院特殊津贴15人、省优秀专家20余人；设置临床医技科室48个，其中病理科、胸外科 、麻醉科为省级医学重点科室；血液科、病理科、病因室 、肛肠科、胸一科、胸二科、头颈科、妇一科为医院重点科室；设有五个山西省医学中心:乳腺疾病诊治中心、临床病理会诊中心、放射治疗中心、肿瘤体检中心和肿瘤专家会诊中心。 医院设施齐备，技术力量雄厚，集医疗、科研、教学、预防为一体，是山西省唯一可综合采用手术、放疗、化疗、介入治疗、生物治疗、靶向治疗、免疫治疗、中药治疗、临终关怀等多种手段并提供个性化诊治方案服务肿瘤患者的现代化多功能肿瘤医院，各种常见恶性肿瘤5年、10年生存率居于全国先进水平。与日、澳、美、英、加等国家卫生科研机构建立了长期友好合作关系，与美国国立癌中心、中国癌症基金会、中国医学科学院肿瘤医院等国际、国内著名肿瘤防治机构开展了广泛的科研合作研究。目前承担国家“863计划”项目子课题3项，国家“‘十一五’科技支撑计划”项目课题3项，省部级科研项目30余项，有近70项科研成果获国家、省科技进步奖。医院多次获得 “全国卫生系统先进集体”、“文明单位”、“医德医风先进单位”等荣誉称号','0351-4881611',0),(2,'山西省儿童医院',12,0,0,'山西省太原市杏花岭区新民北街12号','山西省','三级甲等','山西省儿童医院、妇幼保健院是一所在妇女、儿童专科基础上的,以医疗保健为主的省级综合性医疗保健机构:建院五十年来,已发展成一度规模相当和专业齐全,拥有现代化设备的省级儿童医院和妇幼保健院,承担着全省妇女儿童医疗、保健高层次技术服务,并成为全省妇女儿童科研、教学、培训的指导中心。医院连续七年被省、市、(厅)评为\"文明医院\"、\"文明单位标兵\"称号,1991年被卫生部授予国家级爱婴医院称号,该院拥有600张病床其中儿科500张,妇产科100张,年平均门诊33万多人次,住院1.3万人次.现有45个医疗、保健.医技和门诊科室。其中门诊设有内科门诊、外科门诊、妇产科门诊、耳鼻喉、眼科、皮肤、口腔科门诊。内科设有急诊、神经、泌尿、血液、新生儿、儿童急救中心、心血管、消化隔离、康复.呼吸和中医科。外科设有普外骨科、新生儿、泌尿、心胸外科和脑神经外科心妇产科设有门诊、妇科、产科、计划生育、中医、母婴同室、家庭式产科病房和生殖内分泌实验室等保健部设有儿保、妇产妇女保健门诊、社区服务、生殖健康、培训。指导、信息资料、健康教育科。全院有省级重点学科分子微生物实验在和高压氧舱中心。','0351-3360728',0),(3,'太原市中心医院',12,0,0,'山西省太原市解放北路东三道巷1号','山西省','三级甲等','太原市中心医院正式成立于1958年，经过半个世纪的深厚积淀，医院现已发展为集医疗、教学、科研、预防、保健、急救和康复为一体的三级甲等综合医院。 作为太原市属最大的综合医院，该院实际开放床位700张，设有29个临床科室、17个医技科室。现有5个市级重点专科（皮肤科、妇产科、泌尿科、心内科、神内科），设有两个硕士学位授予点。医院现有职工1500人，其中，高级专业技术人员230名、中级专业技术人员408名，博士、硕士近百名，聚集了全市卫生系统学历最高、技术层次最高的专业人才。该院承担着山西医科大学等省内8所院校的教学任务；以该院为依托的太原市紧急救援中心，担负着对省城近400万市民的医疗紧急救援任务。2002年以来，医院共开展新技术新项目200余项；9项科技成果通过省级以上鉴定，其中4项获国际先进水平，5项获国内领先；承担在研科研项目27项，其中国家级3项，省（市）级24项；医护人员发表论文433篇，国家级91篇，省级342篇。年门急诊人数近50万人次、出院患者1.6万余人次。 医院拥有ECT、螺旋CT、1.5T磁场强度的核磁共振仪、数字胃肠机、乳腺钼靶机、C型臂血管造影机、美国ASPEN彩超、人工心肺机、CR图像数字机、全自动生化分析仪等125台大型先进医疗设备。','0351-5656004',0),(4,'太原市妇幼保健院',12,0,0,'山西省太原市南内环街149号','山西省','三级甲等','太原市妇幼保健院始建于1984年，是一所集妇幼保健、医疗、预防、科研、教学为一体的三级妇幼保健专科医院，是全市妇幼保健业务指导中心,是首批国家级爱婴医院。医院先后荣获了\"全国医院文化建设先进单位\"、山西省\"文明和谐单位\"、山西省\"先进基层党组织\"、山西省\"十佳爱婴医院\"、两度荣获山西省\"实施妇女儿童发展规划先进集体\"，连续五年被评为太原市\"文明单位标兵\"，是全市首批\"绿色十佳医院\"，是目前全省唯一的一所三级甲等妇幼保健院。医院占地面积1.2万平方米，建筑面积1.15万平方米。床位编制180张，实际开放床位150张，其中妇科26张，产科75张，儿科26张，新生儿科23张。在职职工310人，专业技术人员占89％，其中高级职称71人，中级职称97人。医院共有临床科室10个、医技科室4个，保健科室5个，行政职能科室21个。医院拥有腹腔镜、宫腔镜、母婴监护仪、远红外影像诊断仪、全自动生化分析仪、三维彩超、500MA X光机等总价值2000多万元的现代化医疗仪器设备。妇女儿童保健医疗是医院的特色，妇产科、儿科是太原市重点专业学科，率先开展的妇科腹腔镜手术、可视人工流产、新生儿颅脑超声诊断技术、小儿肾穿刺技术等达全市一流水平。妇科宫颈病变检测实验室配备了最先进的液基薄层细胞学检测设备，使宫颈癌真正做到早检查、早发现、早诊断、早治疗，造福广大女性。儿童心理咨询、儿童口腔保健、儿童眼保健治疗训练给孩子一个最佳的人生开端；儿科无陪病区、新生儿游泳、爸爸剪脐带、新生儿实时录像、孕期拍摄宫内胎儿百日照、免费婚检、孕妇学校免费授课等一系列人性化特色服务项目深受广大市民欢迎；\"袋鼠式\"育儿屋、\"温馨输液室\"以及各科特色亲情护理小组以优良的服务质量赢得了社会赞誉。近年来，医院认真落实科学发展观，以加强管理和文化建设为保障，推进医院管理的科学化、规范化、标准化建设，形成了管理特色和发展模式，以精湛的医疗技术和先进的医疗设备，为广大妇女儿童提供现代化的医疗保健服务。','0351-5620816',0),(5,'太原癫痫病医院',12,0,0,'太原市南内环街8-1号','山西省','对外专科','太原癫痫病医院1982年成立，是一家以专业治疗癫痫疾病为主的专科医院，医院位于太原市南内环街8-1号，成立32年来治愈癫痫患者数万例，缔造了中医治疗癫痫的康复传奇','0351-6098666',0),(6,'山西中医学院附属医院',12,0,0,'山西省太原市万柏林晋祠路一段75号','山西省','三级甲等','山西中医学院第二中医院坐落于太原市风光秀丽的汾河景区西畔，是一所集医疗、教学、科研、康复为一体、以中医为特色的三级甲等综合性中医院，被国家发改委、国家中医药管理局确立为国家重点建设中医院和全国中医院中医药文化重点建设单位。属省、市医保定点医院，通过了ISO9000国际质量管理体系认证。其主要任务是完成本科学生后期临床教学，承担区域内医疗防病工作。属全省卫生系统先进集体，山西省行风评议先进单位，并获得五一劳动奖状。\n医院占地面积5.2万平方米，建筑总面积5万平方米，开设病床500张，设有内、外、妇、儿、骨伤、针灸按摩等36个临床和医技科室，现有各级各类中医、西医专业技术人员620人，其中副高职称以上专家110人。 医院突出中医特色，坚持中西医结合的业务发展方向。按照\"院有专科、科有专病、人有专长\"的专科建设思路，脉管炎、肛肠病、九针、中风病、糖尿病、胃肠病、弱视斜视、不孕症等一批享誉省内外的专病治疗专科，其中，肛肠科为国家级重点专科，成立了全省第一个中医疑难病会诊中心和治未病中心。\n医院装备有美国GE双排螺旋CT、美国柯达CR、日本奥林巴斯全自动生化分析仪、日立彩超、日本潘太克斯电子胃镜、德国狼牌腹腔镜、德国椎间盘镜、美国全自动酶放大化学发光分析仪、C型臂等各种先进的医疗设备。医院与解放军总医院(301医院)、北京协和医院、天坛医院、中国中医科学院等开通了远程会诊业务，配备了国际上先进的视频示教系统，开通了远程教育系统，在数字化医院建设方面达到了国内一流水平。\n医院绿树依依，碧草茵茵，雕梁画栋，曲径通幽，是一所景色宜人的园林式医院。住院大楼按星级宾馆标准设计，根据患者的不同需求，设有豪华单人间、标准二人间和三人间。病房配有中央空调、中心供氧、负压吸引、呼叫系统、卫生间、电脑、电视、电话等。楼内还设有开水房、洗澡间、病友活动室等齐备的服务设施，充分体现了\"以人为本、以病人为中心\"的办院理念。\n医院以一流的质量、一流的设备、一流的技术、一流的环境，为患者提供优质的医疗服务。在这里，患者不仅能解除病痛，而且能享受到一份好心情。\n医院建成了占地1.2万平方米的中医药文化氛围浓郁的主题公园---悦心园。置身其中，医药长廊、巨型葫芦、杏林、橘井泉尽收眼底，浓郁的中医药文化气息扑面而来。','0351-8618368',0),(7,'大同市中医医院',12,0,0,'山西省晋城市凤台西街2753号','山西省','二级甲等','晋城市妇幼保健院坐落在晋城市市区凤台西街，始建于1979年6月，原名为晋东南地区妇幼保健所。1985年5月随着市管县体制改革，更名为晋城市妇幼保健院。1993年3月部分南迁晋城，以市区为中心，指导各县（区）的妇幼卫生工作。1996年创建爱婴医院通过国家评审。1994年-1997年，市政府先后3次拨款140万元，在市区凤台西街征地13.6亩用于市妇幼保健院基地建设。1998年底开始动工兴建，2000年竣工，2001年6月正式迁入新地—市区凤台西街2753号办公。2003年6月医院全部南迁晋城。2005年6月，晋城市儿童医院在我院挂牌成立。2006年6月，经山西省卫生厅评审为三级乙等妇幼保健院。我院是全市妇女、儿童医疗保健工作的指导中心，担负着全市三分之二人口的妇女、儿童保健医疗工作，是晋城市唯一的一所集保健、预防、医疗、科研、教学、康复为一体的三级妇幼保健机构，是城镇职工医疗保险和新型农村合作医疗定点单位。设置职能、保健、临床医技25个科室。开放床位100张。现有职工186人，中高级职称82人，研究生学历2人，大专以上学历占全院职工总数的95%。医院向高标准、现代化不断迈进。2006年引进了全省第一台美国GE730四维彩超和美国顺康钼铑双靶乳腺诊断仪，拥有美国强生牌超声刀、顺康牌高档三晶片腹腔镜及宫腔电切镜手术系统,ＬＥＥＰ刀、阴道镜、呼吸机、早产儿培育箱、蓝光治疗仪、红外线抢救台、丹麦进口听力筛查仪、儿童保健测评系统、多参数心电监护仪、母婴监护仪、Aeon7200麻醉机、高性能血凝仪、血液细胞分析仪、全自动升华分析仪、病理切片机、TCT液基细胞分析仪等大中型保健、医疗设备。在妇女儿童保健医疗服务方面达到了全市一流水平。医院不断开展保健和临床新业务，妇女保健科紧紧围绕生殖健康这一核心，开设了妇女保健中心、产后乳腺疏通与盆底康复、更年期保健，尤其是孕期保健和孕妇学校做的有声有色。儿童保健开展了生长发育监测、智力测验、新生儿与婴幼儿神经行为测定、感觉统合训练、营养不良及肥胖儿的干预、矮小儿的干预等，特别是新生儿听力筛查、视力筛查、高危儿早期干预、孤独症、注意力缺陷多动症、多发性抽动症等行为发育疾病的诊治；儿科开展了疑难疾病的诊治及儿童急危重症的抢救，新生儿疾病的诊治，同时还开展了儿外科疾病的诊治。妇科开展了卵巢肿瘤、宫颈癌等恶性肿瘤的手术及化疗,ＴＣＴ、阴道镜、ＬＥＥＰ刀对宫颈病变的三阶梯治疗，妇科炎症的系统治疗、不孕不育及妇科内分泌治疗。尤其在宫腔镜、腹腔镜、经阴道系列微创手术方面居全市领先水平。产科在全市首家开展镇痛分娩技术，并与保健紧密结合，系统的产前、产时、产后保健一条龙服务形成了人性化的鲜明特色。医院坚持以保健为中心，保健与临床相结合，面向群体，面向基层的办院方针，坚持“关爱女性健康、呵护儿童成长”的办院宗旨，不断开创妇幼保健工作新局面。','0356-2096163',0),(8,'云南省第一人民医院',12,0,0,'云南省昆明市西山区金碧路157号','云南省','三级甲等','昆华医院（云南省第一人民医院）诞生于1939年，是云南省最早的一所省级公立医院。经历60多年的发展建设，现已成为一所集医疗、教学、科研为一体的大型综合性医院，先后被评为云南省首家省级“文明医院”、“三级甲等医院?、昆明市“十佳医院”和全国“百佳医院”，在人民群众中享有崇高的声誉。 昆华医院共编制床位1147张，设门、急诊，35个临床科室，15个医技辅助科室，12个省级重点专科，8个研究中心（基地）。专业技术人员1646人，其中高职261人，中职557人。拥有直线加速器、螺旋CT、1.5T超导磁共振机、双C臂介入治疗系统、流式细胞分析仪等一系列进口先进设备，给诊疗工作打下坚实的基础。 昆华医院一贯坚持“以病人为中心”，以提高医疗服务质量为重点，严格医疗管理，狠抓行风建设，把科学?术作为第一生产力，高度重视科技发展和人才培养，医?科研水平一直名列省级医院的前矛，部分项目达到国内先进水平并填补了省内空白。比如目前开展的肝移植、试管婴儿、干细胞移植、冠脉造影及支架植入等高新技术，使医疗科技水平达到了一个崭新的高度。 云南省第一人民医院是全省医疗科技的中心热忱欢迎省内外患者前来就医，“昆华人”将在新的世纪以崭新的精神风貌、精湛的医疗技术，为广大人民群众提供更加优质的医疗服务。','0871-3638800',0),(9,'云南省中医医院',12,0,0,'云南省昆明市光华街120号','云南省','三级甲等','云南省中医医院始建于1947年，是全国建设历史较长的省级中医医院之一，为大型综合性三级甲等中医医院，是云南省和昆明市城镇职工和城镇居民的医疗保险的定点医疗机构和医疗保险转诊的定点医疗机构，从2009年1月起，成为全云南省第一批新农合定点医疗机构之一。现有职工1054人，其中各类专业技术人员896人，有主任医师(教授)58人、副主任医师（副教授）159人、中级职称人员339人、初级职称人员340人，有博士学位、硕士学位人员近60人，有云南省名中医和荣誉名中医22人，有硕士生导师71人。编制病床500张，医疗设备总值6000万元，固定资产总值1.9651亿元，业务收入2007年为1.45亿元。有29个临床医技科室，13个临床教研室，1个投资2000余万元、占地4300平方米、能生产15个剂型89个院内中药制剂的现代化的中药制剂中心及1个建筑面积1600平方米、投资260万元建成的临床技能综合模拟实验中心等，在昆明市区内设有9个专科门诊部。有磁共振（MR）、螺旋CT、大型数字X线机、彩超、全自动生化分析仪等大型现代化的医疗设备。有建成和再建的国家中管局重点专科3个、国家中管局男科病证治规范重点研究研究室1个、省级重点专科（专病）22个，有中医内科学、针灸学2个省级重点学科，有云南省中医药防治艾滋病临床研究中心、中医内科研究中心、中西医结合男科研究中心3个省级研究中心和中医风湿病、中医脑病2个省级研究室，有8个省级中医名科、8个硕士研究生学位授予点，有国家级协建重点专科5个。系国家药物临床试验机构（基地）及国家中药现代化科技产业（云南）基地中药新药GCP中心、国家中医药国际合作基地、国家中西医结合传染病临床（云南）基地建设单位、国家中西医结合急诊临床（云南）基地建设单位、国家接收外籍学员开展中医非学历教育的进修学习单位等。应用中医药治疗艾滋病、病毒性肝炎、心脑血管病、恶性肿瘤、风湿免疫疾病、男性疾病、椎体疾病等重大疾病、疑难病、急危重症及常见病多发病取得了明显成效。具有独立申报国家自然科学基金项目资格，主持有国家“863”计划重大科技专项、国家自然科学基金、国家科技支撑计划、国家科技攻关计划、云南省科技计划、云南省自然科学基金等科研项目，具有开展中医临床研究工作的技术条件。目前承担中医医疗、教学、科研、康复、干部保健和指导全省中医医疗与护理等工作。全年门诊人次63.39万，年出院人数1.0365万人。 云南省中医院又是云南中医学院第一附属医院、云南中医学院临床医学院，实行“院院合一”的管理体制，承担着硕士研究生、本科生、专科生、成人教育等不同层次的理论和临床教学工作。是云南省唯一的一所省级三级甲等中医医院，为全省中医临床医疗、教学、科研和医疗康复保健的指导中心和重要基地。现有各级各类科研项目300多项，其中，国家级课题13项、省部级课题44项，这些课题多数为与新药研究有关的项目，如6类新药“前列冲剂”、“振雄展势丹”和“脑血清胶囊”等研究获国家“863”计划及省科技计划项目重点资助进行开发研究。 云南省中医院对外交流与合作工作取得长足发展，历年来到医院参观、访问、进修、学习的外籍人员络绎不绝。从1996年至今年共接收了600多名国外、海外学者的中医进修培训，接待了来自欧、美、东南亚、非洲及港澳台同胞等20多个国家及地区的元首、专家学者2250人次到医院参观、访问。 云南省中医院还是集云南省90所中医院为一体的云南省中医医疗集团总医院，搭建起了全省中医药技术合作、经济发展和服务平台，对顺利开展中医临床研究工作十分有利。','0871-3631649',0),(10,'解放军昆明总医院',12,0,0,'云南省昆明市大观路212号','云南省','三级甲等','成都军区昆明总医院座落在四季如春的昆明市，与长联犹在壁的大观楼毗邻，是一所大型综合性医院。展开开床位2000余张，其中本部展开床位1500张，设临床及辅助科室44余个，建有1个国家专病治疗中心、2个全军医学专科中心以及8个成都军区和云南省医学专科中心。医院本部占地260余亩，建筑面积16.7万平方米，规模为省内少有。 成都军区昆明总医院拥有全身CT、ECT、1000mA系列X光机、数字剪影诊断仪、直线加速器、碎石机、动态心电图、彩色多普勒、电子摄像内窥镜、脑干诱发电位、多功能麻醉机、局部脑血流测定仪、大型高压氧舱、后装机等价值总额3500余万元的先进诊疗仪器。 成都军区昆明总医院荣获国家、军队和省级科技成果奖370项，其中国家科技进步一等奖1项、二等奖1项、三等奖2项、国家星火科技奖1项、国家科技大会奖1项；军队科技进步一等奖4项、二等奖16项、三等奖80项；云南省科技成果一等奖2项、二等奖4项。在国内外刊物上发表论文1249篇。创伤救治、显微外科应用达到国内先进水平。成功救治一例国内III°烧伤面积最大的患者， 使该院的烧伤救治水平走在世界前列。率先在军内应用胎脑黑质组织脑内移植，治疗帕金森氏病等获得成功。在军内最早开展放射状角膜切开术治疗近视眼。脾、肾等器官移植，心血管外科、二尖瓣气囊分离术、凳面部严惩缺损修复，全舌再造、去纤酶治闻疗脑血栓、心梗救治、血液净化治疗技术、新生儿溶血症的治疗等都享有较高声淮。单克隆重搞体的实验室研究和诊断应用达先进水平。从丰富的植物药源中得选、提取出镇痛、麻醉、搞癌等多种新药，临床应用疗效满意。建成局部网络系统，微机的应用与开发达国内较高水平。 成都军区昆明总医院在人才培养、大型医疗仪器设备引进和专科中心建设方面，坚持改革开放，科技兴院，不断加强与办内外协作，取得了显著效益，形成了自己的特色。 医院引进购置了价值3000多万元的医疗设备CT、大型X光机、直线加速器（2100C）、钴60治疗机、后装治疗机、彩超、全自动生化分析仪、电解质测定仪、血球计数仪、超声刀、氩气电刀、腹腔镜、电子纤维支气管镜、电子纤维胃镜、电子结肠镜、膀胱镜、膀胱电气化镜、病理、检验设备。五台高档进口麻醉机，以及用于临床急救观察的监护系统。这些医疗设备有的是省内、甚至在国内也是先进的，为肿瘤的诊断治疗发挥了重大作用。','0871-4774999',0),(11,'昆明市第一人民医院',12,0,0,'云南省昆明市青年路504号','云南省','三级甲等','昆明市第一人民医院座落于昆明市中心,位于美丽的盘龙江畔。1914年，老一辈无产阶级革命家朱德同志亲手创建了昆明市第一人民医院的前身——宏济医院。经过近一个世纪的风雨沧桑，现已发展成为各专业设置齐全、技术力量雄厚、医疗设备先进、服务设施完备，集医疗、教学、科研、急救、预防保健为一体的大型综合性“三级甲等”医院。1999年被卫生部评为全国“百佳医院”、同年被评为昆明市“十佳医院”，是云南省高等医学教育临床教学医院。医院编制 床位800张，设置28个临床科室，11个医技科室，二个社区门诊点。医院在职职工1260人，拥有副高级职称以上者146人，其中享受国务院特殊津贴待遇者4人、国家级突出贡献者1人、省级突出贡献者1人、市级突出贡献者6人、昆明市学术技术带头人12人、后备学术技术带头人13人。其中肝胆胰科 、神经外科（脑外科）、ICU、检验科为市级重点学科。','0871-3188200',0),(12,'云南省交通中心医院',12,0,0,'昆明市东郊路161号','云南省','三级乙等','云南省交通中心医院始建于1970年，是一所专科特色突出、规模大、设备好、技术全面的三级乙等综合性医院。经过三十余年的发展，医院的规模不断扩大，医疗技术不断提高，科室配置逐渐齐全合理。特别是1989年被云南省卫生厅定为“云南省血栓病医院”以来，致力于血栓病的临床研究和治疗，现在已经形成了集抢救、治疗、康复、教学和研究于一体的具有专科特色的综合医院。 医院面积22000平方米，编制床位500多张，人员480人，专技人员高级职称56人,中级职称146人。目前拥有9个临床一级科室(妇产科、血栓一病区、血栓二病区、血栓三病区、血栓四病区、外一科(普外科)、外二科(骨科)、内一科(内科)、急诊科)，9个二级科室(结石病专科、颈腰椎间盘突出专科、泌尿生殖专科、小儿科、皮肤科、五官科、口腔科、计划免疫科、显微外科)，4个医技科室(检验科、放射科、药剂科、功能科)，其中妇产科、血栓病区、结石病专科、颈腰椎间盘突出专科、骨科为重点专科。 多年以来，医院致力于不断提高医疗服务质量，每年都在临床科室开展新技术、新项目研究及运用。积极组织院内专业技术人员总结临床实践经验，并在省级国家级各种杂志发表多篇学术论文。 先进的医学设备，能够为准确的诊断奠定科学基础。医院近年来先后引进了一批医疗设备，现有美国GE Hispeed Dual螺旋CT、Drager呼吸机、德国西门子狮王2000彩色B超、500mA数字胃肠机、德国复式脉冲DFB-ESWL体外碎石机、三维螺旋导航SOW复位治疗机、美国杜邦全自动生化分析仪，美国威龙LEEP刀、体外短波治疗机、纳米微波治疗仪、盆腔炎治疗仪、美国电子阴道镜、红外线乳腺诊断治疗仪、新型肾脏透析机、麻醉机、全套心脏监护系统等离子射频切割系统等一大批先进的医疗设备，价值8千多万元。 经过三十多年的不懈努力，医院已发展成为技术设备先进、服务优良、管理科学、环境优美，集医、教、研于一体的多功能现代医疗机构。以“全心全意为人民服务”的精神为指导。始终坚持面向社会、面向群众办好医院，始终把人民群众的健康放在首位，真正体现“您的健康就是我们责任”的办院宗旨，作为东部急救中心，我院全心全意为急、重患者做好服务工作。被昆明市市政府授予“市级文明单位”，被省市医保中心定为“收费信得过单位”。','0871-3306668',0),(13,'云南中西结合医院',12,0,0,'昆明市官渡区官南大道新南站综合楼（客运新南站旁）','云南省','三级丙等','云南中西医结合医院是在云南省委、省政府的关心、支持下，由云南中国西部研究发展促进会引进巨资创建的省级非营利性、综合性中西医结合医院，是云南省级医院中唯一的一所中西医结合医院。是省、市医保定点医院、新型农村合作医疗保险定点医院、昆明市卫生学校教学医院，是云南省高级人民法院法医鉴定中心指定的法医鉴定定点医院、国际中医协会中医临床研究中心和国家中医药管理局科技成果推广项目协作单位。 医院集临床、教学、科研、保健为一体，拥有省内外知名专家、教授等一批高水平的医疗队伍，医疗技术力量雄厚，医疗技术和服务质量得到了云南各级政府、社会团体和当地群众的广泛好评，先后多次被云南省消费者协会授予“重质量、守诚信”单位，被“全国中西医结合肝病防治研究中心”、“中国中西医结合学会临床协作网”、“全国中西医结合肝病防治《星河工程》”指定为云南省肝病临床基地。','0871-3582000',0),(14,'浙江大学医学院附属第一医院',12,0,0,'浙江省杭州市庆春路79号(310003)','浙江省','三级甲等','浙江大学医学院附属一院（浙江省第一医院）系三级甲类综合性医院，是浙江省医疗、教学、科研指导中心之一。医院现有职工3780余人，其中高级职称医护专家430余人，有中国工程院院士2名、长江特聘教授2名、长江讲座教授2名、“千人计划”1名、国家杰出基金获得者2名、求是特聘教授2名。占地面积150余亩，分为庆春、城站和大学路三个院区，核定床位2500张。2009年医院门急诊达到256万人次，出院病人达到7.1人次，手术达到3.4人次，医院总收入21.7亿元。','0571-87236666',0),(15,'杭州市第一人民医院',12,0,0,'杭州市浣纱路261号','浙江省','三级甲等','我院创建于1923年，是杭州地区融医疗、教学、科研、预防和社会保健于一体的市属最大综合性三级甲等医院，先后增挂浙江省医学科学院临床研究院、南京医科大学附属杭州医院的院牌。我院是杭州地区骨干医疗机构，杭州市药剂、放射、病理、护理、急救、检验、产科、院感、骨科、ICU等质控中心挂靠单位，杭州市危重孕产妇抢救中心。多年来，医院始终秉承“敬业、严谨、诚信、仁爱”的办院宗旨，全心全意地为广大患者服务，先后荣获全国卫生系统先进集体、全国百姓放心示范医院、卫生部院务公开示范医院、浙江省文明示范医院、杭州市文明单位、浙江省文明单位等荣誉，为杭州地区的医药卫生事业作出了应有的贡献。','0571-87065701',0),(16,'余姚市人民医院',12,0,0,'浙江省余姚市城东路800路','浙江省','三级乙等','姚市人民医院又称阳明医院，由余姚旅沪同乡著名金融家宋汉章先生于1947年集资创建，现已发展为余姚市规模最大、设施最全、技术力量最雄厚的一家集医疗、急救、科研、教学、预防保健和康复为一体的三级乙等综合性医院。2008年7月，医院整体迁址至城东新区，占地280亩。 全院现有中高级专业技术人员400余人，开放床位960张。宁波市中心血站余姚采供血点，余姚市急救医学中心，余姚市临床检验中心，余姚市放射、麻醉、药事、护理、病历、口腔、产科、院感、急诊质控中心均设在我院。 医院设施先进，配备有菲利普1.5双T磁共振、GE16排CT、DSA、胸（腹）腔镜、关节镜等价值近2亿元的医疗仪器。 ','0574-62619028',0),(17,'宁波市第二医院',12,0,0,'浙江省宁波市西北街41号','浙江省','三级甲等','医院综合实力及各专科诊疗技术在浙东地区居先进水平。医院急诊学、烧伤学及传染病学是宁波市重点学科；肿瘤学科（肿瘤外科、肿瘤内科、放射治疗科、肿瘤分子实验室）、神经病学科是宁波市重点扶植学科；骨科、神经外科、心胸外科、心内科、神经内科、消化内科、呼吸内科、肾内科、肝肿瘤科是医院重点专科；血管外科、肝胆胰外科、乳腺外科、肛肠外科是医院重点发展亚专科。肿瘤分子生物学实验室是宁波市重点实验室之一，宁波市乳癌防治研究中心、宁波市眼病治疗中心设在本院。','0574-83870999',0),(18,'浙江中医药大学附属温州中医院',12,0,0,'浙江省温州市信河街大士门27号','浙江省','三级甲等','浙江中医药大学附属温州中医院坐落在温州市区风景秀丽的松台山麓、九山湖畔，创建于1923年。医院系国家三级甲等中医医院，省级“平安医院”、市级“文明单位”、“绿色医院”，承担浙南地区中医医疗、教学、科研、培训等任务，具有较高的学术水平和良好的社会声誉。医院现有职工825人，其中高级职称89人，中级128人；占地面积51亩，核定床位600张，开放床位601张。医院新院区选址葡萄村，占地面积38亩，设置床位500-600张，现已动工建设。 医院开设内、外、妇、儿、急诊、ICU、感染科、骨伤、肛肠、耳鼻喉、眼、针灸、推拿、康复、口腔、皮肤科、麻醉科、精神卫生科等一级科室18个，病区13个。在肾病、肝病、胃肠、呼吸、肿瘤、心脑血管病、康复（神经康复、骨科康复、脊髓损伤、脑外伤、老年病）、乳腺病、不孕症、先兆流产、盆腔炎、子宫肌瘤、颈腰椎间盘突出、骨关节炎、断肢再植再造、男性疾病、骨髓炎、脉管炎、肛肠病及结石病等专科的中医、中西医结合治疗方面具有地区领先水平。','0577-88223731',0),(19,'上海中医药大学附属岳阳中西医结合医院嘉兴分部',12,0,0,'浙江省嘉兴市洪兴路333号','浙江省','三级甲等','上海岳阳医院嘉兴分部，是上海中医药大学附属岳阳中西医结合医院的延伸医院之一。上海岳阳医院嘉兴分部成为上海中医药大学附属岳阳中西医结合医院的附属医院，届时共享了总部的医资、技术、科研等资源，得到了总部在各个层面的大力支持。嘉兴分部设有中医皮肤科、推拿科、中医肿瘤科、中医内科等临床科室。其中推拿科是卫生部国家中医临床重点专科，中医皮肤科、中医肿瘤科是全国中医重点专科。','0573-82790573',0),(20,'嘉兴市第一医院',12,0,0,'浙江省嘉兴市中环南路1882号','浙江省','三级甲等','嘉兴市第一医院（嘉兴学院附属第一医院）坐落在党的诞生地、风景秀丽的南湖之滨，于2011年10月整体搬迁至市中环南路1882号（嘉兴大桥西南侧），占地面积208亩，总建筑面积约18.5万平方米，设计住院床位1760张。医院创建于1920年，其前身为由法国天主教巴黎仁爱会开办的圣心医院。经过几代一院人的艰苦创业，医院目前已成为嘉兴市规模最大、设施齐全、技术力量雄厚的集医疗、科研、教学、预防、康复于一体的国家三级甲等综合医院。 医院为嘉兴市唯一的传染病、结核病、血吸虫病防治定点医院。医院血吸虫病科为省医学重点扶持学科，消化科、病理科为省市共建医学重点扶植建设学科，疼痛科为省医学创新学科共建单位，心血管内科、血液病科、呼吸科、消化科、危重病医学科、肿瘤外科、肝胆外科、泌尿外科、病理科、乳腺病科为嘉兴市重点学科，重点学科数量在全市居首位。嘉兴市医学情报站、嘉兴市医疗设备管理质控中心、临床急诊医学管理质控中心、临床重症医学管理质控中心、临床麻醉质控中心、临床病理质控中心、临床放射质控中心、临床肿瘤性疾病诊疗质控中心、临床口腔诊疗质控中心、透析质控中心、嘉兴市抗癌协会均挂靠本院。','0573-82519999',0),(21,'北京同仁医院',12,0,0,'北京市东城区东交民巷1号','北京市','三级甲等','北京同仁医院是一所以眼科、耳鼻咽喉科和心血管疾病诊疗为重点的百年老院,是一家大型综合性三甲医院。 北京同仁医院眼科的特长是在眼底病、眼外伤、青光眼、角膜移植、眼部整形、激光诊疗； 北京同仁医院耳鼻咽喉科在人工耳蜗植入、全耳再造、听力康复、头颈肿瘤治疗、气管异物取出、鼻内窥镜技术、睡眠呼吸暂停综合症治疗等方面处于国内领先地位，某些领域达到国际先进水平。 北京同仁医院设有知名专家汇集的北京市眼科会诊中心、北京市耳鼻咽喉科会诊中心、北京市糖尿病综合会诊中心、北京泌尿外科会诊中心，还建立了国际眼病诊疗中心、白内障防治中心、屈光矫治中心、验光配镜及隐形眼镜中心、鼻眼相关疾病诊疗中心、睡眠呼吸监测中心、临床听力学中心以及人工耳蜗植入中心等全方位医疗服务体系。','010-58266699',0),(22,'北京中医药大学东直门医院国际部',12,0,0,'北京市东四北大街279号','北京市','三级甲等','北京中医药大学东直门医院国际部隶属于北京中医药大学东直门医院，成立于2013年，着力于打造成首都中医国际医疗的重要窗口和中医健康管理的示范基地。国际部整合了东直门医院强大的专家力量，5位国家级名老中医、2位全国名老中医及百余位名医在此出诊。设有健康管理中心、中医名家门诊、中医特色诊疗等项目。通过健康医疗及健康管理一体化服务模式，为客户提供健康体检、健康观念指导、生活方式管理、危险因素干预、中医保健调理、预约门诊治疗、专家疑难会诊、慢病监测防治及健康预警、健康提醒、健康跟踪等养生保健及中医治疗的健康管理一条龙服务。','010-84012662',0),(23,'中国人民解放军总医院第一附属医院',12,0,0,'北京市海淀区阜城路51号','北京市','三级甲等','解放军总医院第一附属医院（原304医院）于1954年3月正式组建。经过五十余年的建设和发展，已经成为以创（烧）伤外科、急救医学和危重救治为主要特色，医教研相结合的三级甲等综合性医院。医院共有43个临床医技科室，其中临床科室27个，展开床位1100张，每年收治病人两万多例，手术13000余例，其中危重病人三千多例。在烧伤、创伤等批量、群发突发事件中，完成任务成绩突出，多次受到上级的表彰，受到社会的广泛赞誉。现拥有PET、MRI、X刀、DSA、螺旋CT、直线加速器等大型医疗设备，为患者提供方便、快捷、有效的诊疗支撑条件。拥有盛志勇院士等高级职称技术人才160余名，临床主系列医师博士学位占30%，硕士以上学位占80%，总后科技金星2名，总后科技银星3名，总后科技新星5名，享受政府特殊津贴人员36名，享受军队优秀人才岗位津贴人员21人次，博士导师14名，硕士导师21名，年在院研究生35名。每年接收进修生、实习生近200人。\"十五\"以来，获得各级各类成果奖项77项，其中国家及军队二等以上将项28项。共获国家、军队和地方各级各类科研课题199项。','010-66867304',1),(24,'解放军第307医院',12,0,0,'北京市丰台区东大街8号','北京市','三级甲等','军事医学科学院附属医院（解放军第307医院）是三级甲等医院，是以肿瘤、恶性血液病诊治、化学中毒和放射病救治为主要专科的综合性医院。医院展开床位1000张，建有全军放射病研究治疗中心、全军中毒救治专科中心、全军造血干细胞移植中心、国家和总后卫生部药品临床研究基地、国家生物医学分析中心免疫学实验室、军事医学科学院肿瘤治疗研究中心和细胞与基因治疗中心、临床药理学实验室和肿瘤分子生物学实验室等重点科室。是内科血液学和临床肿瘤学硕士学位授权点，免疫学、药理学博士后流动站组成部分。高级职务占全院卫生专业技术干部的20%，博士、硕士占医疗和研究系列的43%。有博士导师多名，一批专家享受政府特殊津贴。肿瘤研究治疗中心利用手术、放疗、化疗、干细胞移植、超声聚焦刀无创治疗和生物治疗等高新技术对各种肿瘤进行治疗，水平达国内先进；造血干细胞移植治疗白血病、再生障碍性贫血等恶性血液病达国际先进水平；中毒救治中心每年成功救治逾千例各种化学毒物中毒病人；戒毒科使数千病人恢复了健康，并开展了戒毒新药的研究。医院拥有CT、ECT、数字减影机、直线加速器、Co60治疗机、基因芯片仪、彩色超声诊断仪、超声聚焦肿瘤治疗机、微生物鉴定系统等先进医疗科研设备。医院以热情的服务、精湛的医术、合理的价格，竭诚欢迎国内外各界人士前来就诊、查体和治疗。','010-66947114',0),(25,'中国人民武装警察部队总医院',12,0,0,'北京市海淀区永定路69号','北京市','三级甲等','武警总医院为近年来新崛起的一所集医疗、保健、教学、科研为一体的大型现代化综合性三级甲等医院。设置专业科室71个，配有各类设备总价值逾6亿元，拥有各类专家200多名。医院先后成立了\"博士后科研工作站\"、\"武警部队医师进修学院\"、\"国际救援医疗队\"，并为第四军医大学、军事医学科学院等教学医院，承担了博士后、博士生、硕士生带教任务。2003年组建了中国国际救援医疗队，先后圆满完成了赴阿尔及利亚、伊朗和印尼医疗救援任务、巴基斯坦地震救援、四川汶川地震。2004年被首批评为\"全国百姓放心示范医院\"。2005年与中国红十字总会联合开展了\"扶贫救心\"活动，受到社会各界好评。 优势学科群：现有医学研究所6个（肝移植研究所、眼眶病研究所、心脏病研究所、纳米医学研究所、肛肠病研究所、神经科学研究所）、专科中心6个（肿瘤放疗中心、心内介入中心、口腔中心、骨科中心、优生优育中心、泪器病中心）、学科联合体7个（移植外科、头颈外科、心血管病、肿瘤、骨科、神经科和糖尿病）、专病科室3个（老年病、神经干细胞移植、生物治疗），并设立了体检中心、急救中心和鼾症、近视眼、乳腺、脊髓空洞症、糖尿病、前列腺增生、减肥等12个专病门诊，形成了院有重点、科有特色的良性发展格局。 目前，武警总医院正按照\"固强、补弱、创新、发展\"的总体思路，进一步加强人才建设和学科建设，努力实现医院新的跨越，不断向更高的目标迈进！ 武警总医院坚持以病人为中心，竭诚为社会各界患者服务！','010-57976688',0),(26,'北京天坛医院特需门诊',12,0,0,'北京市东城区天坛西里6号','北京市','三级甲等','首都医科大学附属北京天坛医院始建于1956年8月23日，座落在世界著名的天坛公园西南侧，是一所以神经科为重点的三级甲等大型综合医院。1997年由中国医学科学院与北京市卫生局共建成为中国医学科学院北京天坛医院和中国医学科学院神经科学研究所。北京市神经外科研究所、北京天坛医学影像中心、北京市伽玛刀治疗研究中心、北京神经外科学院、首都医科大学第五临床医学院、北京市脑血管病抢救治疗中心和全国脑血管病防治研究办公室、北京市脑防办同设在院内。北京天坛医院和北京市神经外科研究所是世界三大神经外科研究中心之一、亚洲最大的神经外科临床、科研、教学基地和WHO在中国的神经科学培训合作中心。','010-67096611',0);
/*!40000 ALTER TABLE `hospital` ENABLE KEYS */;
UNLOCK TABLES;

--
-- Table structure for table `notice`
--

DROP TABLE IF EXISTS `notice`;
/*!40101 SET @saved_cs_client     = @@character_set_client */;
/*!40101 SET character_set_client = utf8 */;
CREATE TABLE `notice` (
  `n_id` int(11) NOT NULL AUTO_INCREMENT,
  `title` varchar(30) NOT NULL,
  `content` varchar(400) NOT NULL,
  `time` datetime NOT NULL,
  PRIMARY KEY (`n_id`)
) ENGINE=InnoDB AUTO_INCREMENT=4 DEFAULT CHARSET=utf8;
/*!40101 SET character_set_client = @saved_cs_client */;

--
-- Dumping data for table `notice`
--

LOCK TABLES `notice` WRITE;
/*!40000 ALTER TABLE `notice` DISABLE KEYS */;
INSERT INTO `notice` VALUES (1,'公告1','111','2014-12-01 00:00:00'),(2,'公告2','222','2014-12-08 00:00:00'),(3,'公告3','333','2014-12-09 00:00:00');
/*!40000 ALTER TABLE `notice` ENABLE KEYS */;
UNLOCK TABLES;

--
-- Table structure for table `order`
--

DROP TABLE IF EXISTS `order`;
/*!40101 SET @saved_cs_client     = @@character_set_client */;
/*!40101 SET character_set_client = utf8 */;
CREATE TABLE `order` (
  `o_id` int(11) NOT NULL AUTO_INCREMENT,
  `owner_id` int(11) NOT NULL,
  `visit_id` int(11) NOT NULL,
  `department_id` int(11) NOT NULL,
  `hospital_id` int(11) NOT NULL,
  `time` int(11) NOT NULL,
  `status` int(11) NOT NULL DEFAULT '2',
  PRIMARY KEY (`o_id`),
  UNIQUE KEY `uk_order` (`owner_id`,`visit_id`),
  KEY `fk_order_visit_idx` (`visit_id`),
  KEY `fk_rorder_registuser_idx` (`owner_id`),
  KEY `department_id` (`department_id`),
  KEY `hospital_id` (`hospital_id`),
  CONSTRAINT `fk_order_registeruser` FOREIGN KEY (`owner_id`) REFERENCES `registeruser` (`id`) ON DELETE CASCADE ON UPDATE CASCADE,
  CONSTRAINT `fk_order_visit` FOREIGN KEY (`visit_id`) REFERENCES `visit` (`v_id`) ON DELETE CASCADE ON UPDATE CASCADE
) ENGINE=InnoDB DEFAULT CHARSET=utf8;
/*!40101 SET character_set_client = @saved_cs_client */;

--
-- Dumping data for table `order`
--

LOCK TABLES `order` WRITE;
/*!40000 ALTER TABLE `order` DISABLE KEYS */;
/*!40000 ALTER TABLE `order` ENABLE KEYS */;
UNLOCK TABLES;

--
-- Table structure for table `question`
--

DROP TABLE IF EXISTS `question`;
/*!40101 SET @saved_cs_client     = @@character_set_client */;
/*!40101 SET character_set_client = utf8 */;
CREATE TABLE `question` (
  `q_id` int(11) NOT NULL AUTO_INCREMENT,
  `content` varchar(800) NOT NULL,
  `owner_id` int(11) NOT NULL,
  `send_time` datetime NOT NULL,
  `solved` tinyint(1) NOT NULL DEFAULT '0',
  `solve_time` datetime NOT NULL,
  `answer_id` int(11) DEFAULT NULL,
  PRIMARY KEY (`q_id`),
  UNIQUE KEY `answer_id` (`answer_id`),
  KEY `owner_id` (`owner_id`),
  CONSTRAINT `fk_question_answer` FOREIGN KEY (`answer_id`) REFERENCES `answer` (`a_id`) ON DELETE SET NULL ON UPDATE SET NULL,
  CONSTRAINT `fk_question_user` FOREIGN KEY (`owner_id`) REFERENCES `user` (`id`) ON DELETE CASCADE ON UPDATE CASCADE
) ENGINE=InnoDB DEFAULT CHARSET=utf8;
/*!40101 SET character_set_client = @saved_cs_client */;

--
-- Dumping data for table `question`
--

LOCK TABLES `question` WRITE;
/*!40000 ALTER TABLE `question` DISABLE KEYS */;
/*!40000 ALTER TABLE `question` ENABLE KEYS */;
UNLOCK TABLES;

--
-- Table structure for table `registeruser`
--

DROP TABLE IF EXISTS `registeruser`;
/*!40101 SET @saved_cs_client     = @@character_set_client */;
/*!40101 SET character_set_client = utf8 */;
CREATE TABLE `registeruser` (
  `id` int(11) NOT NULL,
  `username` varchar(45) NOT NULL,
  `name` varchar(45) NOT NULL,
  `idnum` char(18) NOT NULL,
  `password` char(64) NOT NULL,
  `credit` int(11) NOT NULL,
  `tel` varchar(45) DEFAULT NULL,
  `auth` int(11) NOT NULL,
  PRIMARY KEY (`id`),
  UNIQUE KEY `uk_idnum` (`idnum`),
  UNIQUE KEY `username_UNIQUE` (`username`),
  CONSTRAINT `fk_registuser_user` FOREIGN KEY (`id`) REFERENCES `user` (`id`) ON DELETE CASCADE ON UPDATE CASCADE
) ENGINE=InnoDB DEFAULT CHARSET=utf8;
/*!40101 SET character_set_client = @saved_cs_client */;

--
-- Dumping data for table `registeruser`
--

LOCK TABLES `registeruser` WRITE;
/*!40000 ALTER TABLE `registeruser` DISABLE KEYS */;
INSERT INTO `registeruser` VALUES (4343,'111','111','111','f6e0a1e2ac41945a9aa7ff8a8aaa0cebc12a3bcc981a929ad5cf810a090e11ae',5,'111',1);
/*!40000 ALTER TABLE `registeruser` ENABLE KEYS */;
UNLOCK TABLES;

--
-- Table structure for table `user`
--

DROP TABLE IF EXISTS `user`;
/*!40101 SET @saved_cs_client     = @@character_set_client */;
/*!40101 SET character_set_client = utf8 */;
CREATE TABLE `user` (
  `id` int(11) NOT NULL AUTO_INCREMENT,
  `type` int(11) NOT NULL,
  PRIMARY KEY (`id`)
) ENGINE=InnoDB AUTO_INCREMENT=4344 DEFAULT CHARSET=utf8;
/*!40101 SET character_set_client = @saved_cs_client */;

--
-- Dumping data for table `user`
--

LOCK TABLES `user` WRITE;
/*!40000 ALTER TABLE `user` DISABLE KEYS */;
INSERT INTO `user` VALUES (4171,2),(4172,2),(4173,2),(4174,2),(4175,2),(4176,2),(4177,2),(4178,2),(4179,2),(4180,2),(4181,2),(4182,2),(4183,2),(4184,2),(4185,2),(4186,2),(4187,2),(4188,2),(4189,2),(4190,2),(4191,2),(4192,2),(4193,2),(4194,2),(4195,2),(4196,2),(4197,2),(4198,2),(4199,2),(4200,2),(4201,2),(4202,2),(4203,2),(4204,2),(4205,2),(4206,2),(4207,2),(4208,2),(4209,2),(4210,2),(4211,2),(4212,2),(4213,2),(4214,2),(4215,2),(4216,2),(4217,2),(4218,2),(4219,2),(4220,2),(4221,2),(4222,2),(4223,2),(4224,2),(4225,2),(4226,2),(4227,2),(4228,2),(4229,2),(4230,2),(4231,2),(4232,2),(4233,2),(4234,2),(4235,2),(4236,2),(4237,2),(4238,2),(4239,2),(4240,2),(4241,2),(4242,2),(4243,2),(4244,2),(4245,2),(4246,2),(4247,2),(4248,2),(4249,2),(4250,2),(4251,2),(4252,2),(4253,2),(4254,2),(4255,2),(4256,2),(4257,2),(4258,2),(4259,2),(4260,2),(4261,2),(4262,2),(4263,2),(4264,2),(4265,2),(4266,2),(4267,2),(4268,2),(4269,2),(4270,2),(4271,2),(4272,2),(4273,2),(4274,2),(4275,2),(4276,2),(4277,2),(4278,2),(4279,2),(4280,2),(4281,2),(4282,2),(4283,2),(4284,2),(4285,2),(4286,2),(4287,2),(4288,2),(4289,2),(4290,2),(4291,2),(4292,2),(4293,2),(4294,2),(4295,2),(4296,2),(4297,2),(4298,2),(4299,2),(4300,2),(4301,2),(4302,2),(4303,2),(4304,2),(4305,2),(4306,2),(4307,2),(4308,2),(4309,2),(4310,2),(4311,2),(4312,2),(4313,2),(4314,2),(4315,2),(4316,2),(4317,2),(4318,2),(4319,2),(4320,2),(4321,2),(4322,2),(4323,2),(4324,2),(4325,2),(4326,2),(4327,2),(4328,2),(4329,2),(4330,2),(4331,2),(4332,2),(4333,2),(4334,2),(4335,2),(4336,2),(4337,2),(4338,2),(4339,2),(4340,2),(4341,2),(4342,4),(4343,1);
/*!40000 ALTER TABLE `user` ENABLE KEYS */;
UNLOCK TABLES;

--
-- Table structure for table `visit`
--

DROP TABLE IF EXISTS `visit`;
/*!40101 SET @saved_cs_client     = @@character_set_client */;
/*!40101 SET character_set_client = utf8 */;
CREATE TABLE `visit` (
  `v_id` int(11) NOT NULL AUTO_INCREMENT,
  `doctor_id` int(11) NOT NULL,
  `work_date` date NOT NULL,
  `am` int(11) NOT NULL DEFAULT '0',
  `pm` int(11) NOT NULL DEFAULT '0',
  `ng` int(11) NOT NULL DEFAULT '0',
  PRIMARY KEY (`v_id`),
  KEY `idx_doctor_id` (`doctor_id`),
  CONSTRAINT `fk_visit_doctor` FOREIGN KEY (`doctor_id`) REFERENCES `doctor` (`id`) ON DELETE CASCADE ON UPDATE CASCADE
) ENGINE=InnoDB AUTO_INCREMENT=16 DEFAULT CHARSET=utf8;
/*!40101 SET character_set_client = @saved_cs_client */;

--
-- Dumping data for table `visit`
--

LOCK TABLES `visit` WRITE;
/*!40000 ALTER TABLE `visit` DISABLE KEYS */;
INSERT INTO `visit` VALUES (1,4281,'2014-12-21',10,0,0),(2,4281,'2014-12-22',0,20,0),(3,4281,'2014-12-23',20,12,0),(4,4281,'2014-12-24',19,0,0),(5,4281,'2014-12-25',0,0,0),(6,4281,'2014-12-26',0,0,0),(7,4281,'2014-12-27',0,1,1),(8,4281,'2014-12-29',12,0,0),(9,4281,'2014-12-30',11,0,0),(10,4281,'2014-12-31',11,0,0),(11,4281,'2015-01-01',13,10,1),(12,4282,'2014-12-25',0,1,0),(13,4282,'2014-12-26',0,0,0),(14,4283,'2014-12-29',0,1,3),(15,4283,'2014-12-30',0,0,0);
/*!40000 ALTER TABLE `visit` ENABLE KEYS */;
UNLOCK TABLES;
/*!40103 SET TIME_ZONE=@OLD_TIME_ZONE */;

/*!40101 SET SQL_MODE=@OLD_SQL_MODE */;
/*!40014 SET FOREIGN_KEY_CHECKS=@OLD_FOREIGN_KEY_CHECKS */;
/*!40014 SET UNIQUE_CHECKS=@OLD_UNIQUE_CHECKS */;
/*!40101 SET CHARACTER_SET_CLIENT=@OLD_CHARACTER_SET_CLIENT */;
/*!40101 SET CHARACTER_SET_RESULTS=@OLD_CHARACTER_SET_RESULTS */;
/*!40101 SET COLLATION_CONNECTION=@OLD_COLLATION_CONNECTION */;
/*!40111 SET SQL_NOTES=@OLD_SQL_NOTES */;

-- Dump completed on 2014-12-22 22:26:00
